<?xml version='1.0' encoding='ISO-8859-1' ?>
<File Type='Page' Version='2.1.0'>
<Control Type='Page' Name='A PLEASE WAIT' Transition='0' TransitionDuration='-1'>
<Position Units='Pixels' X='0' Y='0' />
<Size Units='Pixels' Width='320' Height='460' />
<VisualStyles>
<VisualStyle>
<Background>
<Color  R='0' G='0' B='0' A='1' />
</Background>
<Image Id='1' />
</VisualStyle>
</VisualStyles>
<Control Type='Button' Name='Button'>
<Position Units='Pixels' X='0' Y='182' />
<Size Units='Pixels' Width='320' Height='70' />
<VisualStyles>
<VisualStyle State='0' Mode='0'>
<Face Type='2D'>
<Color  R='0' G='0' B='0.835294' A='0' />
</Face>
<Image Id='3' Alpha='1' />
<Text Id='39' FontId='1' Alignment='CenterLeft' Wrap='False'>
<Color  R='1' G='1' B='1' A='1' />
</Text>
</VisualStyle>
<VisualStyle State='1' Mode='0'>
<Face Type='2D'>
<Color  R='0.00392157' G='0.54902' B='0.996078' A='0' />
</Face>
<Image Id='4' Alpha='1' />
<Text Id='39' FontId='1' Alignment='CenterLeft' Wrap='False'>
<Color  R='1' G='1' B='1' A='1' />
</Text>
</VisualStyle>
</VisualStyles>
<Commands>
<Command Action='TouchDown' PageFlip='A Media Direc TV' Transition='0' TransitionDuration='-1' />
</Commands>
</Control>
</Control>
</File>
