<?xml version='1.0' encoding='ISO-8859-1' ?>
<File Type='Resource' Version='2.1.0'>
<Resources>
<Font Id='1' Size ='17' FaceName='Arial' Weight='700' Bold='True' Italic='False' Underline='False' Strike='False' />
<Font Id='2' Size ='16' FaceName='Arial' Weight='400' Bold='False' Italic='False' Underline='False' Strike='False' />
<Font Id='3' Size ='12' FaceName='Arial' Weight='700' Bold='True' Italic='False' Underline='False' Strike='False' />
<Font Id='4' Size ='16' FaceName='Arial' Weight='700' Bold='True' Italic='False' Underline='False' Strike='False' />
<Font Id='5' Size ='13' FaceName='Arial' Weight='700' Bold='True' Italic='False' Underline='False' Strike='False' />
<Font Id='6' Size ='11' FaceName='Arial' Weight='400' Bold='False' Italic='False' Underline='False' Strike='False' />
<Font Id='7' Size ='16' FaceName='Arial' Weight='400' Bold='False' Italic='False' Underline='False' Strike='False' />
<Text Id='1'>                 Main Salon</Text>
<Text Id='2'>Sharon Ann</Text>
<Text Id='3'>                 Boat Audio</Text>
<Text Id='4'>                 Master State</Text>
<Text Id='5'>iPod</Text>
<Text Id='6'>Border</Text>
<Text Id='7'>Vol
Up</Text>
<Text Id='8'>Vol
Dwn</Text>
<Text Id='9'>Mute</Text>
<Text Id='10'>Lift Control</Text>
<Text Id='11'>Lift Down</Text>
<Text Id='12'>Lift Up</Text>
<Text Id='13'>Lift Right</Text>
<Text Id='14'>Lift Left</Text>
<Text Id='15'>Blu-Ray</Text>
<Text Id='16'>Disc
Menu</Text>
<Text Id='17'>Menu</Text>
<Text Id='18'>Select</Text>
<Text Id='19'>Up</Text>
<Text Id='20'>Right</Text>
<Text Id='21'>Left</Text>
<Text Id='22'>Dwn</Text>
<Text Id='23'>Exit</Text>
<Text Id='24'>Play</Text>
<Text Id='25'>Pause</Text>
<Text Id='26'>Prev</Text>
<Text Id='27'>Next</Text>
<Text Id='28'>Stop</Text>
<Text Id='29'>DirecTV</Text>
<Text Id='30'>Keypad</Text>
<Text Id='31'>DVR</Text>
<Text Id='32'>FAV</Text>
<Text Id='33'>Main Salon</Text>
<Text Id='34'>                 DirecTV</Text>
<Text Id='35'>                 Blu Ray</Text>
<Text Id='36'>                 iPod</Text>
<Text Id='37'>System Off</Text>
<Text Id='38'>                 Lift Controls</Text>
<Text Id='39'>                 Please Wait</Text>
<Text Id='40'>TV Lift Down</Text>
<Text Id='41'>TV Lift Up</Text>
<Text Id='42'>AV Lift Down</Text>
<Text Id='43'>AV Lift Up</Text>
<Text Id='44'>Master State</Text>
<Text Id='45'>Boat Audio</Text>
<Text Id='46'>IPOD</Text>
<Text Id='47'>SAT</Text>
<Text Id='48'>OFF</Text>
<Text Id='49'>Gally</Text>
<Text Id='50'>AFT</Text>
<Text Id='51'>Wheel Hse</Text>
<Text Id='52'>Sun Deck</Text>
<Text Id='53'>Record</Text>
<Text Id='54'>Info</Text>
<Text Id='55'>Guide</Text>
<Text Id='56'>List</Text>
<Text Id='57'>CH
Dwn</Text>
<Text Id='58'>CH
Up</Text>
<Text Id='59'>Rew</Text>
<Text Id='60'>Fwd</Text>
<Text Id='61'>1</Text>
<Text Id='62'>3</Text>
<Text Id='63'>2</Text>
<Text Id='64'>4</Text>
<Text Id='65'>6</Text>
<Text Id='66'>5</Text>
<Text Id='67'>7</Text>
<Text Id='68'>9</Text>
<Text Id='69'>8</Text>
<Text Id='70'>-</Text>
<Text Id='71'>E</Text>
<Text Id='72'>0</Text>
<Text Id='73'>  Prev</Text>
<Text Id='74'>Last</Text>
<Text Id='75'>First</Text>
<Text Id='76'>Play All
on iPod</Text>
<Text Id='77'>Play All
Listed</Text>
<Text Id='78'>Now
Playing</Text>
<Text Id='79'>                 Working...</Text>
<Text Id='80'>           Device Not Detected</Text>
<Text Id='81'>                 iPod Not Found</Text>
<Text Id='82'>Now Playing</Text>
<Text Id='83'>Artist</Text>
<Text Id='84'>Album</Text>
<Text Id='85'>Next Song</Text>
<Text Id='86'>  HOME</Text>
<Image Id='1' Native='True' Path='~ZPBI_Media_BG.png' Format='png'>
<Size Units='Pixels' Width='320' Height='460' />
</Image>
<Image Id='2' Native='True' Path='~ZPBI_HeaderFooterBar.png' Format='png'>
<Size Units='Pixels' Width='320' Height='46' />
</Image>
<Image Id='3' Native='True' Path='~ZPBI_ScrollingListButton_I.png' Format='png'>
<Size Units='Pixels' Width='320' Height='58' />
</Image>
<Image Id='4' Native='True' Path='~ZPBI_ScrollingListButton_A.png' Format='png'>
<Size Units='Pixels' Width='320' Height='58' />
</Image>
<Image Id='5' Native='True' Path='HomePageIcons_Other.png' Format='png'>
<Size Units='Pixels' Width='64' Height='64' />
</Image>
<Image Id='6' Native='True' Path='~ZPBI_HeadeFooterField.png' Format='png'>
<Size Units='Pixels' Width='160' Height='34' />
</Image>
<Image Id='7' Native='True' Path='~ZPBI_StandardMedium_I.png' Format='png'>
<Size Units='Pixels' Width='78' Height='40' />
</Image>
<Image Id='8' Native='True' Path='~ZPBI_StandardMedium_A.png' Format='png'>
<Size Units='Pixels' Width='78' Height='40' />
</Image>
<Image Id='9' Native='False' Path='aero_tv_flatpanel_yellow_50x50.png' Format='png'>
<Size Units='Pixels' Width='50' Height='50' />
</Image>
<Image Id='10' Native='False' Path='Apple_20Logo.png' Format='png'>
<Size Units='Pixels' Width='512' Height='512' />
</Image>
<Image Id='11' Native='False' Path='aero_disc_bluray_50x50.png' Format='png'>
<Size Units='Pixels' Width='50' Height='50' />
</Image>
<Image Id='12' Native='True' Path='~ZPBI_Keyboard_Space_Key_I.png' Format='png'>
<Size Units='Pixels' Width='154' Height='36' />
</Image>
<Image Id='13' Native='True' Path='~ZPBI_StandartLong_A.png' Format='png'>
<Size Units='Pixels' Width='160' Height='34' />
</Image>
<Image Id='14' Native='True' Path='~ZPBI_Drapes.png' Format='png'>
<Size Units='Pixels' Width='75' Height='75' />
</Image>
<Image Id='15' Native='True' Path='Back_Button2_I.png' Format='png'>
<Size Units='Pixels' Width='60' Height='32' />
</Image>
<Image Id='16' Native='True' Path='Back_A.png' Format='png'>
<Size Units='Pixels' Width='60' Height='32' />
</Image>
<Image Id='17' Native='True' Path='~ZPBI_ScrollUp_I.png' Format='png'>
<Size Units='Pixels' Width='64' Height='64' />
</Image>
<Image Id='18' Native='True' Path='~ZPBI_ScrollUp_A.png' Format='png'>
<Size Units='Pixels' Width='64' Height='64' />
</Image>
<Image Id='19' Native='True' Path='~ZPBI_ScrollDown_I.png' Format='png'>
<Size Units='Pixels' Width='64' Height='64' />
</Image>
<Image Id='20' Native='True' Path='~ZPBI_ScrollDown_A.png' Format='png'>
<Size Units='Pixels' Width='64' Height='64' />
</Image>
<Image Id='21' Native='True' Path='~ZPBI_CrestronLogo.png' Format='png'>
<Size Units='Pixels' Width='78' Height='46' />
</Image>
<Image Id='22' Native='True' Path='~ZPBI_Home_I.png' Format='png'>
<Size Units='Pixels' Width='44' Height='44' />
</Image>
<Image Id='23' Native='True' Path='~ZPBI_Home_A.png' Format='png'>
<Size Units='Pixels' Width='44' Height='44' />
</Image>
<Image Id='24' Native='False' Path='fox_62x46_black_gloss.png' Format='png'>
<Size Units='Pixels' Width='62' Height='46' />
</Image>
<Image Id='25' Native='False' Path='fox_62x46_black_gloss_1.png' Format='png'>
<Size Units='Pixels' Width='62' Height='46' />
</Image>
<Image Id='26' Native='False' Path='cbs_62x46_black_gloss.png' Format='png'>
<Size Units='Pixels' Width='62' Height='46' />
</Image>
<Image Id='27' Native='False' Path='cbs_62x46_black_gloss_1.png' Format='png'>
<Size Units='Pixels' Width='62' Height='46' />
</Image>
<Image Id='28' Native='False' Path='tnt-we-know-drama_62x46_black_gloss.png' Format='png'>
<Size Units='Pixels' Width='62' Height='46' />
</Image>
<Image Id='29' Native='False' Path='tnt_62x46_black_gloss_1.png' Format='png'>
<Size Units='Pixels' Width='62' Height='46' />
</Image>
<Image Id='30' Native='False' Path='tbs_62x46_black_gloss.png' Format='png'>
<Size Units='Pixels' Width='62' Height='46' />
</Image>
<Image Id='31' Native='False' Path='tbs_62x46_black_gloss_1.png' Format='png'>
<Size Units='Pixels' Width='62' Height='46' />
</Image>
<Image Id='32' Native='False' Path='cnbc_62x46_black_gloss.png' Format='png'>
<Size Units='Pixels' Width='62' Height='46' />
</Image>
<Image Id='33' Native='False' Path='cnbc_62x46_black_gloss_1.png' Format='png'>
<Size Units='Pixels' Width='62' Height='46' />
</Image>
<Image Id='34' Native='False' Path='nbc_62x46_black_gloss.png' Format='png'>
<Size Units='Pixels' Width='62' Height='46' />
</Image>
<Image Id='35' Native='False' Path='nbc_62x46_black_gloss_1.png' Format='png'>
<Size Units='Pixels' Width='62' Height='46' />
</Image>
<Image Id='36' Native='False' Path='abc_62x46_black_gloss.png' Format='png'>
<Size Units='Pixels' Width='62' Height='46' />
</Image>
<Image Id='37' Native='False' Path='abc_62x46_black_gloss_1.png' Format='png'>
<Size Units='Pixels' Width='62' Height='46' />
</Image>
<Image Id='38' Native='False' Path='cnn_62x46_black_gloss.png' Format='png'>
<Size Units='Pixels' Width='62' Height='46' />
</Image>
<Image Id='39' Native='False' Path='cnn_62x46_black_gloss_1.png' Format='png'>
<Size Units='Pixels' Width='62' Height='46' />
</Image>
<Image Id='40' Native='False' Path='bloomberg-television_62x46_black_gloss.png' Format='png'>
<Size Units='Pixels' Width='62' Height='46' />
</Image>
<Image Id='41' Native='False' Path='bloomberg-television_62x46_black_gloss_1.png' Format='png'>
<Size Units='Pixels' Width='62' Height='46' />
</Image>
<Image Id='42' Native='False' Path='hbo_62x46_black_gloss.png' Format='png'>
<Size Units='Pixels' Width='62' Height='46' />
</Image>
<Image Id='43' Native='False' Path='hbo_62x46_black_gloss_1.png' Format='png'>
<Size Units='Pixels' Width='62' Height='46' />
</Image>
<Image Id='44' Native='False' Path='weather-channel_62x46_black_gloss.png' Format='png'>
<Size Units='Pixels' Width='62' Height='46' />
</Image>
<Image Id='45' Native='False' Path='weather-channel_62x46_black_gloss_1.png' Format='png'>
<Size Units='Pixels' Width='62' Height='46' />
</Image>
<Image Id='46' Native='False' Path='usa_62x46_black_gloss.png' Format='png'>
<Size Units='Pixels' Width='62' Height='46' />
</Image>
<Image Id='47' Native='False' Path='usa_62x46_black_gloss_1.png' Format='png'>
<Size Units='Pixels' Width='62' Height='46' />
</Image>
</Resources>
</File>
