<?xml version='1.0' encoding='ISO-8859-1' ?>
<File Type='Page' Version='2.1.0'>
<Control Type='Subpage' Name='Z IDOCV BACK BUTTON'>
<Position Units='Pixels' X='0' Y='0' />
<Size Units='Pixels' Width='64' Height='32' />
<VisualStyles>
<VisualStyle>
<Background>
<Color  R='0' G='0' B='0' A='0' />
</Background>
</VisualStyle>
</VisualStyles>
<Control Type='Button' Name='Button'>
<Position Units='Pixels' X='4' Y='0' />
<Size Units='Pixels' Width='60' Height='32' />
<VisualStyles>
<VisualStyle State='0' Mode='0'>
<Face Type='2D'>
<Color  R='0' G='0' B='0.627451' A='0' />
</Face>
<Image Id='15' Alpha='1' />
<Text Id='73' FontId='5' Alignment='CenterCenter' Wrap='False'>
<Color  R='1' G='1' B='1' A='1' />
</Text>
</VisualStyle>
<VisualStyle State='1' Mode='0'>
<Face Type='2D'>
<Color  R='1' G='1' B='1' A='0' />
</Face>
<Image Id='16' Alpha='1' />
<Text Id='73' FontId='5' Alignment='CenterCenter' Wrap='False'>
<Color  R='0' G='0' B='0' A='1' />
</Text>
</VisualStyle>
</VisualStyles>
<Bindings>
<Binding Id='455' Type='Digital' Property='State'/>
</Bindings>
<Commands>
<Command Action='TouchDown' Id='455' Type='Digital' Value='True' />
<Command Action='TouchUp' Id='455' Type='Digital' Value='False' />
</Commands>
</Control>
</Control>
</File>
