<?xml version='1.0' encoding='ISO-8859-1' ?>
<File Type='Page' Version='1.1.0'>
<Control Type='Page' Name='B Media Blu-Ray - MASTER STATE'>
<Position Units='Pixels' X='0' Y='0' />
<Size Units='Pixels' Width='320' Height='460' />
<VisualStyles>
<VisualStyle>
<Background>
<Color  R='0' G='0' B='0' A='1' />
</Background>
<Image Id='1' />
</VisualStyle>
</VisualStyles>
<Control Type='Button' Name='Image'>
<Position Units='Pixels' X='0' Y='0' />
<Size Units='Pixels' Width='320' Height='46' />
<VisualStyles>
<VisualStyle State='0' Mode='0'>
<Image Id='2' Alpha='1' />
</VisualStyle>
</VisualStyles>
</Control>
<Control Type='Button' Name='Image'>
<Position Units='Pixels' X='80' Y='5' />
<Size Units='Pixels' Width='160' Height='34' />
<VisualStyles>
<VisualStyle State='0' Mode='0'>
<Image Id='6' Alpha='1' />
</VisualStyle>
</VisualStyles>
</Control>
<Control Type='Button' Name='Text'>
<Position Units='Pixels' X='87' Y='10' />
<Size Units='Pixels' Width='146' Height='25' />
<VisualStyles>
<VisualStyle State='0' Mode='0'>
<Text Id='79' FontId='1' Alignment='CenterCenter' Wrap='False'>
<Color  R='0.933333' G='0.933333' B='0.933333' A='1' />
</Text>
</VisualStyle>
</VisualStyles>
</Control>
<Control Type='Button' Name='Image'>
<Position Units='Pixels' X='0' Y='414' />
<Size Units='Pixels' Width='320' Height='46' />
<VisualStyles>
<VisualStyle State='0' Mode='0'>
<Image Id='2' Alpha='1' />
</VisualStyle>
</VisualStyles>
</Control>
<Control Type='Button' Name='Button'>
<Position Units='Pixels' X='83' Y='420' />
<Size Units='Pixels' Width='154' Height='36' />
<VisualStyles>
<VisualStyle State='0' Mode='0'>
<Face Type='2D'>
<Color  R='1' G='1' B='1' A='0' />
</Face>
<Image Id='17' Alpha='1' />
<Text Id='14' FontId='4' Alignment='CenterCenter' Wrap='False'>
<Color  R='1' G='0' B='0' A='1' />
</Text>
</VisualStyle>
<VisualStyle State='1' Mode='0'>
<Face Type='2D'>
<Color  R='1' G='1' B='1' A='0' />
</Face>
<Image Id='18' Alpha='1' />
</VisualStyle>
</VisualStyles>
<Bindings>
<Binding Id='2' Type='Digital' Property='State'/>
</Bindings>
<Commands>
<Command Action='TouchDown' Id='2' Type='Digital' Value='True' />
<Command Action='TouchUp' Id='2' Type='Digital' Value='False' />
<Command Action='TouchDown' PageFlip='A Home' />
</Commands>
</Control>
<Control Type='Button' Name='Button'>
<Position Units='Pixels' X='161' Y='312' />
<Size Units='Pixels' Width='78' Height='40' />
<VisualStyles>
<VisualStyle State='0' Mode='0'>
<Face Type='2D'>
<Color  R='0' G='0' B='0.627451' A='0' />
</Face>
<Image Id='12' Alpha='1' />
<Text Id='80' FontId='3' Alignment='CenterCenter' Wrap='False'>
<Color  R='0' G='0' B='0' A='1' />
</Text>
</VisualStyle>
<VisualStyle State='1' Mode='0'>
<Face Type='2D'>
<Color  R='1' G='1' B='1' A='0' />
</Face>
<Image Id='13' Alpha='1' />
<Text Id='80' FontId='3' Alignment='CenterCenter' Wrap='False'>
<Color  R='1' G='1' B='1' A='1' />
</Text>
</VisualStyle>
</VisualStyles>
<Bindings>
<Binding Id='316' Type='Digital' Property='State'/>
</Bindings>
<Commands>
<Command Action='TouchDown' Id='316' Type='Digital' Value='True' />
<Command Action='TouchUp' Id='316' Type='Digital' Value='False' />
</Commands>
</Control>
<Control Type='Button' Name='Button'>
<Position Units='Pixels' X='81' Y='312' />
<Size Units='Pixels' Width='78' Height='40' />
<VisualStyles>
<VisualStyle State='0' Mode='0'>
<Face Type='2D'>
<Color  R='0' G='0' B='0.627451' A='0' />
</Face>
<Image Id='12' Alpha='1' />
<Text Id='81' FontId='3' Alignment='CenterCenter' Wrap='False'>
<Color  R='0' G='0' B='0' A='1' />
</Text>
</VisualStyle>
<VisualStyle State='1' Mode='0'>
<Face Type='2D'>
<Color  R='1' G='1' B='1' A='0' />
</Face>
<Image Id='13' Alpha='1' />
<Text Id='81' FontId='3' Alignment='CenterCenter' Wrap='False'>
<Color  R='1' G='1' B='1' A='1' />
</Text>
</VisualStyle>
</VisualStyles>
<Bindings>
<Binding Id='314' Type='Digital' Property='State'/>
</Bindings>
<Commands>
<Command Action='TouchDown' Id='314' Type='Digital' Value='True' />
<Command Action='TouchUp' Id='314' Type='Digital' Value='False' />
</Commands>
</Control>
<Control Type='Button' Name='Button'>
<Position Units='Pixels' X='178' Y='370' />
<Size Units='Pixels' Width='35' Height='35' />
<VisualStyles>
<VisualStyle State='0' Mode='0'>
<Face Type='2D'>
<Color  R='0' G='0.501961' B='0' A='1' />
</Face>
</VisualStyle>
<VisualStyle State='1' Mode='0'>
<Face Type='2D'>
<Color  R='1' G='1' B='1' A='0' />
</Face>
</VisualStyle>
</VisualStyles>
<Bindings>
<Binding Id='590' Type='Digital' Property='State'/>
</Bindings>
<Commands>
<Command Action='TouchDown' Id='590' Type='Digital' Value='True' />
<Command Action='TouchUp' Id='590' Type='Digital' Value='False' />
</Commands>
</Control>
<Control Type='Button' Name='Button'>
<Position Units='Pixels' X='36' Y='370' />
<Size Units='Pixels' Width='35' Height='35' />
<VisualStyles>
<VisualStyle State='0' Mode='0'>
<Face Type='2D'>
<Color  R='1' G='1' B='0' A='1' />
</Face>
</VisualStyle>
<VisualStyle State='1' Mode='0'>
<Face Type='2D'>
<Color  R='1' G='1' B='1' A='0' />
</Face>
</VisualStyle>
</VisualStyles>
<Bindings>
<Binding Id='588' Type='Digital' Property='State'/>
</Bindings>
<Commands>
<Command Action='TouchDown' Id='588' Type='Digital' Value='True' />
<Command Action='TouchUp' Id='588' Type='Digital' Value='False' />
</Commands>
</Control>
<Control Type='Button' Name='Button'>
<Position Units='Pixels' X='249' Y='370' />
<Size Units='Pixels' Width='35' Height='35' />
<VisualStyles>
<VisualStyle State='0' Mode='0'>
<Face Type='2D'>
<Color  R='1' G='0.501961' B='0.501961' A='1' />
</Face>
</VisualStyle>
<VisualStyle State='1' Mode='0'>
<Face Type='2D'>
<Color  R='1' G='1' B='1' A='0' />
</Face>
</VisualStyle>
</VisualStyles>
<Bindings>
<Binding Id='591' Type='Digital' Property='State'/>
</Bindings>
<Commands>
<Command Action='TouchDown' Id='591' Type='Digital' Value='True' />
<Command Action='TouchUp' Id='591' Type='Digital' Value='False' />
</Commands>
</Control>
<Control Type='Button' Name='Button'>
<Position Units='Pixels' X='107' Y='370' />
<Size Units='Pixels' Width='35' Height='35' />
<VisualStyles>
<VisualStyle State='0' Mode='0'>
<Face Type='2D'>
<Color  R='0' G='0' B='1' A='1' />
</Face>
</VisualStyle>
<VisualStyle State='1' Mode='0'>
<Face Type='2D'>
<Color  R='1' G='1' B='1' A='0' />
</Face>
</VisualStyle>
</VisualStyles>
<Bindings>
<Binding Id='589' Type='Digital' Property='State'/>
</Bindings>
<Commands>
<Command Action='TouchDown' Id='589' Type='Digital' Value='True' />
<Command Action='TouchUp' Id='589' Type='Digital' Value='False' />
</Commands>
</Control>
<Control Type='Button' Name='Button'>
<Position Units='Pixels' X='74' Y='152' />
<Size Units='Pixels' Width='78' Height='40' />
<VisualStyles>
<VisualStyle State='0' Mode='0'>
<Face Type='2D'>
<Color  R='0' G='0' B='0.627451' A='0' />
</Face>
<Image Id='12' Alpha='1' />
<Text Id='47' FontId='3' Alignment='CenterCenter' Wrap='False'>
<Color  R='0' G='0' B='0' A='1' />
</Text>
</VisualStyle>
<VisualStyle State='1' Mode='0'>
<Face Type='2D'>
<Color  R='1' G='1' B='1' A='0' />
</Face>
<Image Id='13' Alpha='1' />
<Text Id='47' FontId='3' Alignment='CenterCenter' Wrap='False'>
<Color  R='1' G='1' B='1' A='1' />
</Text>
</VisualStyle>
</VisualStyles>
<Bindings>
<Binding Id='578' Type='Digital' Property='State'/>
</Bindings>
<Commands>
<Command Action='TouchDown' Id='578' Type='Digital' Value='True' />
<Command Action='TouchUp' Id='578' Type='Digital' Value='False' />
</Commands>
</Control>
<Control Type='Button' Name='Button'>
<Position Units='Pixels' X='84' Y='100' />
<Size Units='Pixels' Width='58' Height='36' />
<VisualStyles>
<VisualStyle State='0' Mode='0'>
<Face Type='2D'>
<Color  R='0' G='0' B='0.627451' A='0' />
</Face>
<Image Id='12' Alpha='1' />
<Text Id='49' FontId='3' Alignment='CenterCenter' Wrap='False'>
<Color  R='0' G='0' B='0' A='1' />
</Text>
</VisualStyle>
<VisualStyle State='1' Mode='0'>
<Face Type='2D'>
<Color  R='1' G='1' B='1' A='0' />
</Face>
<Image Id='13' Alpha='1' />
<Text Id='49' FontId='3' Alignment='CenterCenter' Wrap='False'>
<Color  R='1' G='1' B='1' A='1' />
</Text>
</VisualStyle>
</VisualStyles>
<Bindings>
<Binding Id='560' Type='Digital' Property='State'/>
</Bindings>
<Commands>
<Command Action='TouchDown' Id='560' Type='Digital' Value='True' />
<Command Action='TouchUp' Id='560' Type='Digital' Value='False' />
</Commands>
</Control>
<Control Type='Button' Name='Button'>
<Position Units='Pixels' X='160' Y='156' />
<Size Units='Pixels' Width='58' Height='36' />
<VisualStyles>
<VisualStyle State='0' Mode='0'>
<Face Type='2D'>
<Color  R='0' G='0' B='0.627451' A='0' />
</Face>
<Image Id='12' Alpha='1' />
<Text Id='50' FontId='3' Alignment='CenterCenter' Wrap='False'>
<Color  R='0' G='0' B='0' A='1' />
</Text>
</VisualStyle>
<VisualStyle State='1' Mode='0'>
<Face Type='2D'>
<Color  R='1' G='1' B='1' A='0' />
</Face>
<Image Id='13' Alpha='1' />
<Text Id='50' FontId='3' Alignment='CenterCenter' Wrap='False'>
<Color  R='1' G='1' B='1' A='1' />
</Text>
</VisualStyle>
</VisualStyles>
<Bindings>
<Binding Id='563' Type='Digital' Property='State'/>
</Bindings>
<Commands>
<Command Action='TouchDown' Id='563' Type='Digital' Value='True' />
<Command Action='TouchUp' Id='563' Type='Digital' Value='False' />
</Commands>
</Control>
<Control Type='Button' Name='Button'>
<Position Units='Pixels' X='8' Y='156' />
<Size Units='Pixels' Width='58' Height='36' />
<VisualStyles>
<VisualStyle State='0' Mode='0'>
<Face Type='2D'>
<Color  R='0' G='0' B='0.627451' A='0' />
</Face>
<Image Id='12' Alpha='1' />
<Text Id='51' FontId='3' Alignment='CenterCenter' Wrap='False'>
<Color  R='0' G='0' B='0' A='1' />
</Text>
</VisualStyle>
<VisualStyle State='1' Mode='0'>
<Face Type='2D'>
<Color  R='1' G='1' B='1' A='0' />
</Face>
<Image Id='13' Alpha='1' />
<Text Id='51' FontId='3' Alignment='CenterCenter' Wrap='False'>
<Color  R='1' G='1' B='1' A='1' />
</Text>
</VisualStyle>
</VisualStyles>
<Bindings>
<Binding Id='562' Type='Digital' Property='State'/>
</Bindings>
<Commands>
<Command Action='TouchDown' Id='562' Type='Digital' Value='True' />
<Command Action='TouchUp' Id='562' Type='Digital' Value='False' />
</Commands>
</Control>
<Control Type='Button' Name='Button'>
<Position Units='Pixels' X='84' Y='208' />
<Size Units='Pixels' Width='58' Height='36' />
<VisualStyles>
<VisualStyle State='0' Mode='0'>
<Face Type='2D'>
<Color  R='0' G='0' B='0.627451' A='0' />
</Face>
<Image Id='12' Alpha='1' />
<Text Id='52' FontId='3' Alignment='CenterCenter' Wrap='False'>
<Color  R='0' G='0' B='0' A='1' />
</Text>
</VisualStyle>
<VisualStyle State='1' Mode='0'>
<Face Type='2D'>
<Color  R='1' G='1' B='1' A='0' />
</Face>
<Image Id='13' Alpha='1' />
<Text Id='52' FontId='3' Alignment='CenterCenter' Wrap='False'>
<Color  R='1' G='1' B='1' A='1' />
</Text>
</VisualStyle>
</VisualStyles>
<Bindings>
<Binding Id='561' Type='Digital' Property='State'/>
</Bindings>
<Commands>
<Command Action='TouchDown' Id='561' Type='Digital' Value='True' />
<Command Action='TouchUp' Id='561' Type='Digital' Value='False' />
</Commands>
</Control>
<Control Type='Button' Name='Button'>
<Position Units='Pixels' X='0' Y='48' />
<Size Units='Pixels' Width='78' Height='40' />
<VisualStyles>
<VisualStyle State='0' Mode='0'>
<Face Type='2D'>
<Color  R='0' G='0' B='0.627451' A='0' />
</Face>
<Image Id='12' Alpha='1' />
<Text Id='56' FontId='3' Alignment='CenterCenter' Wrap='False'>
<Color  R='0' G='0' B='0' A='1' />
</Text>
</VisualStyle>
<VisualStyle State='1' Mode='0'>
<Face Type='2D'>
<Color  R='1' G='1' B='1' A='0' />
</Face>
<Image Id='13' Alpha='1' />
<Text Id='56' FontId='3' Alignment='CenterCenter' Wrap='False'>
<Color  R='1' G='1' B='1' A='1' />
</Text>
</VisualStyle>
</VisualStyles>
<Bindings>
<Binding Id='579' Type='Digital' Property='State'/>
</Bindings>
<Commands>
<Command Action='TouchDown' Id='579' Type='Digital' Value='True' />
<Command Action='TouchUp' Id='579' Type='Digital' Value='False' />
</Commands>
</Control>
<Control Type='Button' Name='Button'>
<Position Units='Pixels' X='1' Y='260' />
<Size Units='Pixels' Width='50' Height='40' />
<VisualStyles>
<VisualStyle State='0' Mode='0'>
<Face Type='2D'>
<Color  R='0' G='0' B='0.627451' A='0' />
</Face>
<Image Id='12' Alpha='1' />
<Text Id='34' FontId='3' Alignment='CenterCenter' Wrap='False'>
<Color  R='0' G='0' B='0' A='1' />
</Text>
</VisualStyle>
<VisualStyle State='1' Mode='0'>
<Face Type='2D'>
<Color  R='1' G='1' B='1' A='0' />
</Face>
<Image Id='13' Alpha='1' />
<Text Id='34' FontId='3' Alignment='CenterCenter' Wrap='False'>
<Color  R='1' G='1' B='1' A='1' />
</Text>
</VisualStyle>
</VisualStyles>
<Bindings>
<Binding Id='572' Type='Digital' Property='State'/>
</Bindings>
<Commands>
<Command Action='TouchDown' Id='572' Type='Digital' Value='True' />
<Command Action='TouchUp' Id='572' Type='Digital' Value='False' />
</Commands>
</Control>
<Control Type='Button' Name='Button'>
<Position Units='Pixels' X='61' Y='260' />
<Size Units='Pixels' Width='50' Height='40' />
<VisualStyles>
<VisualStyle State='0' Mode='0'>
<Face Type='2D'>
<Color  R='0' G='0' B='0.627451' A='0' />
</Face>
<Image Id='12' Alpha='1' />
<Text Id='59' FontId='3' Alignment='CenterCenter' Wrap='False'>
<Color  R='0' G='0' B='0' A='1' />
</Text>
</VisualStyle>
<VisualStyle State='1' Mode='0'>
<Face Type='2D'>
<Color  R='1' G='1' B='1' A='0' />
</Face>
<Image Id='13' Alpha='1' />
<Text Id='59' FontId='3' Alignment='CenterCenter' Wrap='False'>
<Color  R='1' G='1' B='1' A='1' />
</Text>
</VisualStyle>
</VisualStyles>
<Bindings>
<Binding Id='571' Type='Digital' Property='State'/>
</Bindings>
<Commands>
<Command Action='TouchDown' Id='571' Type='Digital' Value='True' />
<Command Action='TouchUp' Id='571' Type='Digital' Value='False' />
</Commands>
</Control>
<Control Type='Button' Name='Button'>
<Position Units='Pixels' X='121' Y='260' />
<Size Units='Pixels' Width='50' Height='40' />
<VisualStyles>
<VisualStyle State='0' Mode='0'>
<Face Type='2D'>
<Color  R='0' G='0' B='0.627451' A='0' />
</Face>
<Image Id='12' Alpha='1' />
<Text Id='37' FontId='3' Alignment='CenterCenter' Wrap='False'>
<Color  R='0' G='0' B='0' A='1' />
</Text>
</VisualStyle>
<VisualStyle State='1' Mode='0'>
<Face Type='2D'>
<Color  R='1' G='1' B='1' A='0' />
</Face>
<Image Id='13' Alpha='1' />
<Text Id='37' FontId='3' Alignment='CenterCenter' Wrap='False'>
<Color  R='1' G='1' B='1' A='1' />
</Text>
</VisualStyle>
</VisualStyles>
<Bindings>
<Binding Id='565' Type='Digital' Property='State'/>
</Bindings>
<Commands>
<Command Action='TouchDown' Id='565' Type='Digital' Value='True' />
<Command Action='TouchUp' Id='565' Type='Digital' Value='False' />
</Commands>
</Control>
<Control Type='Button' Name='Button'>
<Position Units='Pixels' X='181' Y='260' />
<Size Units='Pixels' Width='50' Height='40' />
<VisualStyles>
<VisualStyle State='0' Mode='0'>
<Face Type='2D'>
<Color  R='0' G='0' B='0.627451' A='0' />
</Face>
<Image Id='12' Alpha='1' />
<Text Id='36' FontId='3' Alignment='CenterCenter' Wrap='False'>
<Color  R='0' G='0' B='0' A='1' />
</Text>
</VisualStyle>
<VisualStyle State='1' Mode='0'>
<Face Type='2D'>
<Color  R='1' G='1' B='1' A='0' />
</Face>
<Image Id='13' Alpha='1' />
<Text Id='36' FontId='3' Alignment='CenterCenter' Wrap='False'>
<Color  R='1' G='1' B='1' A='1' />
</Text>
</VisualStyle>
</VisualStyles>
<Bindings>
<Binding Id='566' Type='Digital' Property='State'/>
</Bindings>
<Commands>
<Command Action='TouchDown' Id='566' Type='Digital' Value='True' />
<Command Action='TouchUp' Id='566' Type='Digital' Value='False' />
</Commands>
</Control>
<Control Type='Button' Name='Button'>
<Position Units='Pixels' X='238' Y='118' />
<Size Units='Pixels' Width='78' Height='40' />
<VisualStyles>
<VisualStyle State='0' Mode='0'>
<Face Type='2D'>
<Color  R='0' G='0' B='0.627451' A='0' />
</Face>
<Image Id='12' Alpha='1' />
<Text Id='25' FontId='3' Alignment='CenterCenter' Wrap='False'>
<Color  R='0' G='0' B='0' A='1' />
</Text>
</VisualStyle>
<VisualStyle State='1' Mode='0'>
<Face Type='2D'>
<Color  R='1' G='1' B='1' A='0' />
</Face>
<Image Id='13' Alpha='1' />
<Text Id='25' FontId='3' Alignment='CenterCenter' Wrap='False'>
<Color  R='1' G='1' B='1' A='1' />
</Text>
</VisualStyle>
</VisualStyles>
<Bindings>
<Binding Id='42' Type='Digital' Property='State'/>
</Bindings>
<Commands>
<Command Action='TouchDown' Id='42' Type='Digital' Value='True' />
<Command Action='TouchUp' Id='42' Type='Digital' Value='False' />
</Commands>
</Control>
<Control Type='Button' Name='Button'>
<Position Units='Pixels' X='238' Y='165' />
<Size Units='Pixels' Width='78' Height='40' />
<VisualStyles>
<VisualStyle State='0' Mode='0'>
<Face Type='2D'>
<Color  R='0' G='0' B='0.627451' A='0' />
</Face>
<Image Id='12' Alpha='1' />
<Text Id='26' FontId='3' Alignment='CenterCenter' Wrap='False'>
<Color  R='0' G='0' B='0' A='1' />
</Text>
</VisualStyle>
<VisualStyle State='1' Mode='0'>
<Face Type='2D'>
<Color  R='1' G='1' B='1' A='0' />
</Face>
<Image Id='13' Alpha='1' />
<Text Id='26' FontId='3' Alignment='CenterCenter' Wrap='False'>
<Color  R='1' G='1' B='1' A='1' />
</Text>
</VisualStyle>
</VisualStyles>
<Bindings>
<Binding Id='43' Type='Digital' Property='State'/>
</Bindings>
<Commands>
<Command Action='TouchDown' Id='43' Type='Digital' Value='True' />
<Command Action='TouchUp' Id='43' Type='Digital' Value='False' />
</Commands>
</Control>
<Control Type='Button' Name='Button'>
<Position Units='Pixels' X='238' Y='212' />
<Size Units='Pixels' Width='78' Height='40' />
<VisualStyles>
<VisualStyle State='0' Mode='0'>
<Face Type='2D'>
<Color  R='0' G='0' B='0.627451' A='0' />
</Face>
<Image Id='12' Alpha='1' />
<Text Id='29' FontId='3' Alignment='CenterCenter' Wrap='False'>
<Color  R='0' G='0' B='0' A='1' />
</Text>
</VisualStyle>
<VisualStyle State='1' Mode='0'>
<Face Type='2D'>
<Color  R='1' G='1' B='1' A='0' />
</Face>
<Image Id='13' Alpha='1' />
<Text Id='29' FontId='3' Alignment='CenterCenter' Wrap='False'>
<Color  R='1' G='1' B='1' A='1' />
</Text>
</VisualStyle>
</VisualStyles>
<Bindings>
<Binding Id='44' Type='Digital' Property='State'/>
</Bindings>
<Commands>
<Command Action='TouchDown' Id='44' Type='Digital' Value='True' />
<Command Action='TouchUp' Id='44' Type='Digital' Value='False' />
</Commands>
</Control>
<Control Type='Button' Name='Button'>
<Position Units='Pixels' X='241' Y='260' />
<Size Units='Pixels' Width='50' Height='40' />
<VisualStyles>
<VisualStyle State='0' Mode='0'>
<Face Type='2D'>
<Color  R='0' G='0' B='0.627451' A='0' />
</Face>
<Image Id='12' Alpha='1' />
<Text Id='35' FontId='3' Alignment='CenterCenter' Wrap='False'>
<Color  R='0' G='0' B='0' A='1' />
</Text>
</VisualStyle>
<VisualStyle State='1' Mode='0'>
<Face Type='2D'>
<Color  R='1' G='1' B='1' A='0' />
</Face>
<Image Id='13' Alpha='1' />
<Text Id='35' FontId='3' Alignment='CenterCenter' Wrap='False'>
<Color  R='1' G='1' B='1' A='1' />
</Text>
</VisualStyle>
</VisualStyles>
<Bindings>
<Binding Id='573' Type='Digital' Property='State'/>
</Bindings>
<Commands>
<Command Action='TouchDown' Id='573' Type='Digital' Value='True' />
<Command Action='TouchUp' Id='573' Type='Digital' Value='False' />
</Commands>
</Control>
<Control Type='Subpage' Name='Subref' Reference='ZZ Back Button'>
<Position Units='Pixels' X='0' Y='0' />
<Size Units='Pixels' Width='78' Height='46' />
</Control>
<Control Type='Subpage' Name='Subref' Reference='ZZ Crestron Logo'>
<Position Units='Pixels' X='242' Y='0' />
<Size Units='Pixels' Width='78' Height='46' />
</Control>
<Control Type='Subpage' Name='Subref' Reference='ZZ Home Button'>
<Position Units='Pixels' X='14' Y='414' />
<Size Units='Pixels' Width='44' Height='44' />
</Control>
</Control>
</File>
