<?xml version='1.0' encoding='ISO-8859-1' ?>
<File Type='Page' Version='1.1.0'>
<Control Type='Page' Name='B Media Selection - MASTER STATE'>
<Position Units='Pixels' X='0' Y='0' />
<Size Units='Pixels' Width='320' Height='460' />
<VisualStyles>
<VisualStyle>
<Background>
<Color  R='0' G='0' B='0' A='1' />
</Background>
<Image Id='1' />
</VisualStyle>
</VisualStyles>
<Control Type='Button' Name='Image'>
<Position Units='Pixels' X='0' Y='0' />
<Size Units='Pixels' Width='320' Height='46' />
<VisualStyles>
<VisualStyle State='0' Mode='0'>
<Image Id='2' Alpha='1' />
</VisualStyle>
</VisualStyles>
</Control>
<Control Type='Button' Name='Image'>
<Position Units='Pixels' X='80' Y='5' />
<Size Units='Pixels' Width='160' Height='34' />
<VisualStyles>
<VisualStyle State='0' Mode='0'>
<Image Id='6' Alpha='1' />
</VisualStyle>
</VisualStyles>
</Control>
<Control Type='Button' Name='Text'>
<Position Units='Pixels' X='87' Y='8' />
<Size Units='Pixels' Width='146' Height='25' />
<VisualStyles>
<VisualStyle State='0' Mode='0'>
<Text Id='82' FontId='1' Alignment='CenterCenter' Wrap='False'>
<Color  R='0.933333' G='0.933333' B='0.933333' A='1' />
</Text>
</VisualStyle>
</VisualStyles>
</Control>
<Control Type='Button' Name='Button'>
<Position Units='Pixels' X='0' Y='94' />
<Size Units='Pixels' Width='320' Height='70' />
<VisualStyles>
<VisualStyle State='0' Mode='0'>
<Face Type='2D'>
<Color  R='0' G='0' B='0.835294' A='0' />
</Face>
<Image Id='3' Alpha='1' />
<Text Id='11' FontId='1' Alignment='CenterLeft' Wrap='False'>
<Color  R='1' G='1' B='1' A='1' />
</Text>
</VisualStyle>
<VisualStyle State='1' Mode='0'>
<Face Type='2D'>
<Color  R='0.00392157' G='0.54902' B='0.996078' A='0' />
</Face>
<Image Id='4' Alpha='1' />
<Text Id='11' FontId='1' Alignment='CenterLeft' Wrap='False'>
<Color  R='1' G='1' B='1' A='1' />
</Text>
</VisualStyle>
</VisualStyles>
<Bindings>
<Binding Id='30' Type='Digital' Property='State'/>
</Bindings>
<Commands>
<Command Action='TouchDown' Id='30' Type='Digital' Value='True' />
<Command Action='TouchUp' Id='30' Type='Digital' Value='False' />
<Command Action='TouchDown' PageFlip='B Media Direc TV - MASTER STATE' />
</Commands>
</Control>
<Control Type='Button' Name='Button'>
<Position Units='Pixels' X='0' Y='162' />
<Size Units='Pixels' Width='320' Height='70' />
<VisualStyles>
<VisualStyle State='0' Mode='0'>
<Face Type='2D'>
<Color  R='0' G='0' B='0.835294' A='0' />
</Face>
<Image Id='3' Alpha='1' />
<Text Id='12' FontId='1' Alignment='CenterLeft' Wrap='False'>
<Color  R='1' G='1' B='1' A='1' />
</Text>
</VisualStyle>
<VisualStyle State='1' Mode='0'>
<Face Type='2D'>
<Color  R='0.00392157' G='0.54902' B='0.996078' A='0' />
</Face>
<Image Id='4' Alpha='1' />
<Text Id='12' FontId='1' Alignment='CenterLeft' Wrap='False'>
<Color  R='1' G='1' B='1' A='1' />
</Text>
</VisualStyle>
</VisualStyles>
<Bindings>
<Binding Id='31' Type='Digital' Property='State'/>
</Bindings>
<Commands>
<Command Action='TouchDown' Id='31' Type='Digital' Value='True' />
<Command Action='TouchUp' Id='31' Type='Digital' Value='False' />
<Command Action='TouchDown' PageFlip='B Media Blu-Ray - MASTER STATE' />
</Commands>
</Control>
<Control Type='Button' Name='Button'>
<Position Units='Pixels' X='0' Y='230' />
<Size Units='Pixels' Width='320' Height='70' />
<VisualStyles>
<VisualStyle State='0' Mode='0'>
<Face Type='2D'>
<Color  R='0' G='0' B='0.835294' A='0' />
</Face>
<Image Id='3' Alpha='1' />
<Text Id='13' FontId='1' Alignment='CenterLeft' Wrap='False'>
<Color  R='1' G='1' B='1' A='1' />
</Text>
</VisualStyle>
<VisualStyle State='1' Mode='0'>
<Face Type='2D'>
<Color  R='0.00392157' G='0.54902' B='0.996078' A='0' />
</Face>
<Image Id='4' Alpha='1' />
<Text Id='13' FontId='1' Alignment='CenterLeft' Wrap='False'>
<Color  R='1' G='1' B='1' A='1' />
</Text>
</VisualStyle>
</VisualStyles>
<Bindings>
<Binding Id='32' Type='Digital' Property='State'/>
</Bindings>
<Commands>
<Command Action='TouchDown' Id='32' Type='Digital' Value='True' />
<Command Action='TouchUp' Id='32' Type='Digital' Value='False' />
<Command Action='TouchDown' PageFlip='B IDOCV - MASTER STATE' />
</Commands>
</Control>
<Control Type='Button' Name='Image'>
<Position Units='Pixels' X='18' Y='101' />
<Size Units='Pixels' Width='50' Height='50' />
<VisualStyles>
<VisualStyle State='0' Mode='0'>
<Image Id='14' Alpha='1' />
</VisualStyle>
</VisualStyles>
</Control>
<Control Type='Button' Name='Image'>
<Position Units='Pixels' X='18' Y='237' />
<Size Units='Pixels' Width='50' Height='50' />
<VisualStyles>
<VisualStyle State='0' Mode='0'>
<Image Id='15' Alpha='1' />
</VisualStyle>
</VisualStyles>
</Control>
<Control Type='Button' Name='Image'>
<Position Units='Pixels' X='18' Y='169' />
<Size Units='Pixels' Width='50' Height='50' />
<VisualStyles>
<VisualStyle State='0' Mode='0'>
<Image Id='16' Alpha='1' />
</VisualStyle>
</VisualStyles>
</Control>
<Control Type='Button' Name='Image'>
<Position Units='Pixels' X='0' Y='414' />
<Size Units='Pixels' Width='320' Height='46' />
<VisualStyles>
<VisualStyle State='0' Mode='0'>
<Image Id='2' Alpha='1' />
</VisualStyle>
</VisualStyles>
</Control>
<Control Type='Button' Name='Button'>
<Position Units='Pixels' X='83' Y='420' />
<Size Units='Pixels' Width='154' Height='36' />
<VisualStyles>
<VisualStyle State='0' Mode='0'>
<Face Type='2D'>
<Color  R='1' G='1' B='1' A='0' />
</Face>
<Image Id='17' Alpha='1' />
<Text Id='14' FontId='4' Alignment='CenterCenter' Wrap='False'>
<Color  R='1' G='0' B='0' A='1' />
</Text>
</VisualStyle>
<VisualStyle State='1' Mode='0'>
<Face Type='2D'>
<Color  R='1' G='1' B='1' A='0' />
</Face>
<Image Id='18' Alpha='1' />
</VisualStyle>
</VisualStyles>
<Bindings>
<Binding Id='41' Type='Digital' Property='State'/>
</Bindings>
<Commands>
<Command Action='TouchDown' Id='41' Type='Digital' Value='True' />
<Command Action='TouchUp' Id='41' Type='Digital' Value='False' />
<Command Action='TouchDown' PageFlip='A Home' />
</Commands>
</Control>
<Control Type='Button' Name='Button'>
<Position Units='Pixels' X='0' Y='298' />
<Size Units='Pixels' Width='320' Height='70' />
<VisualStyles>
<VisualStyle State='0' Mode='0'>
<Face Type='2D'>
<Color  R='0' G='0' B='0.835294' A='0' />
</Face>
<Image Id='3' Alpha='1' />
<Text Id='15' FontId='1' Alignment='CenterLeft' Wrap='False'>
<Color  R='1' G='1' B='1' A='1' />
</Text>
</VisualStyle>
<VisualStyle State='1' Mode='0'>
<Face Type='2D'>
<Color  R='0.00392157' G='0.54902' B='0.996078' A='0' />
</Face>
<Image Id='4' Alpha='1' />
<Text Id='15' FontId='1' Alignment='CenterLeft' Wrap='False'>
<Color  R='1' G='1' B='1' A='1' />
</Text>
</VisualStyle>
</VisualStyles>
<Commands>
<Command Action='TouchDown' PageFlip='B Lift Controls - MASTER STATE' />
</Commands>
</Control>
<Control Type='Button' Name='Image'>
<Position Units='Pixels' X='12' Y='299' />
<Size Units='Pixels' Width='64' Height='64' />
<VisualStyles>
<VisualStyle State='0' Mode='0'>
<Image Id='19' Alpha='1' />
</VisualStyle>
</VisualStyles>
</Control>
<Control Type='Subpage' Name='Subref' Reference='ZZ Home Button'>
<Position Units='Pixels' X='14' Y='414' />
<Size Units='Pixels' Width='44' Height='44' />
</Control>
<Control Type='Subpage' Name='Subref' Reference='ZZ Back Button'>
<Position Units='Pixels' X='0' Y='0' />
<Size Units='Pixels' Width='78' Height='46' />
</Control>
<Control Type='Subpage' Name='Subref' Reference='ZZ Crestron Logo'>
<Position Units='Pixels' X='242' Y='0' />
<Size Units='Pixels' Width='78' Height='46' />
</Control>
</Control>
</File>
