<?xml version='1.0' encoding='ISO-8859-1' ?>
<File Type='Resource' Version='1.1.0'>
<Resources>
<Font Id='1' Size ='17' FaceName='Arial' Weight='700' Bold='True' Italic='False' Underline='False' Strike='False' />
<Font Id='2' Size ='13' FaceName='Arial' Weight='700' Bold='True' Italic='False' Underline='False' Strike='False' />
<Font Id='3' Size ='12' FaceName='Arial' Weight='700' Bold='True' Italic='False' Underline='False' Strike='False' />
<Font Id='4' Size ='16' FaceName='Arial' Weight='700' Bold='True' Italic='False' Underline='False' Strike='False' />
<Font Id='5' Size ='16' FaceName='Arial' Weight='400' Bold='False' Italic='False' Underline='False' Strike='False' />
<Font Id='6' Size ='16' FaceName='Arial' Weight='400' Bold='False' Italic='False' Underline='False' Strike='False' />
<Font Id='7' Size ='11' FaceName='Arial' Weight='400' Bold='False' Italic='False' Underline='False' Strike='False' />
<Text Id='1'>                 Main Salon</Text>
<Text Id='2'>Sharon Ann</Text>
<Text Id='3'>                 Boat Audio</Text>
<Text Id='4'>                 Master State</Text>
<Text Id='5'>  Back</Text>
<Text Id='6'>DirecTV</Text>
<Text Id='7'>Keypad</Text>
<Text Id='8'>DVR</Text>
<Text Id='9'>FAV</Text>
<Text Id='10'>Main Salon</Text>
<Text Id='11'>                 DirecTV</Text>
<Text Id='12'>                 Blu Ray</Text>
<Text Id='13'>                 iPod</Text>
<Text Id='14'>Syestem Off</Text>
<Text Id='15'>                 Lift Controls</Text>
<Text Id='16'>                 Please Wait</Text>
<Text Id='17'>Boat Audio</Text>
<Text Id='18'>IPOD</Text>
<Text Id='19'>SAT</Text>
<Text Id='20'>OFF</Text>
<Text Id='21'>Gally</Text>
<Text Id='22'>AFT</Text>
<Text Id='23'>Wheel Hse</Text>
<Text Id='24'>Sun Deck</Text>
<Text Id='25'>Vol
Up</Text>
<Text Id='26'>Vol
Dwn</Text>
<Text Id='27'>iPod</Text>
<Text Id='28'>Border</Text>
<Text Id='29'>Mute</Text>
<Text Id='30'>  Prev</Text>
<Text Id='31'>Now Playing</Text>
<Text Id='32'>Artist</Text>
<Text Id='33'>Album</Text>
<Text Id='34'>Play</Text>
<Text Id='35'>Stop</Text>
<Text Id='36'>Next</Text>
<Text Id='37'>Prev</Text>
<Text Id='38'>Next Song</Text>
<Text Id='39'>Last</Text>
<Text Id='40'>First</Text>
<Text Id='41'>Play All
on iPod</Text>
<Text Id='42'>Play All
Listed</Text>
<Text Id='43'>Now
Playing</Text>
<Text Id='44'>                 Working...</Text>
<Text Id='45'>           Device Not Detected</Text>
<Text Id='46'>                 iPod Not Found</Text>
<Text Id='47'>Select</Text>
<Text Id='48'>Record</Text>
<Text Id='49'>Up</Text>
<Text Id='50'>Right</Text>
<Text Id='51'>Left</Text>
<Text Id='52'>Dwn</Text>
<Text Id='53'>Info</Text>
<Text Id='54'>Guide</Text>
<Text Id='55'>List</Text>
<Text Id='56'>Exit</Text>
<Text Id='57'>CH
Dwn</Text>
<Text Id='58'>CH
Up</Text>
<Text Id='59'>Pause</Text>
<Text Id='60'>Rew</Text>
<Text Id='61'>Fwd</Text>
<Text Id='62'>1</Text>
<Text Id='63'>3</Text>
<Text Id='64'>2</Text>
<Text Id='65'>4</Text>
<Text Id='66'>6</Text>
<Text Id='67'>5</Text>
<Text Id='68'>7</Text>
<Text Id='69'>9</Text>
<Text Id='70'>8</Text>
<Text Id='71'>-</Text>
<Text Id='72'>E</Text>
<Text Id='73'>0</Text>
<Text Id='74'>Lift Control</Text>
<Text Id='75'>Lift Down</Text>
<Text Id='76'>Lift Up</Text>
<Text Id='77'>Lift Right</Text>
<Text Id='78'>Lift Left</Text>
<Text Id='79'>Blu-Ray</Text>
<Text Id='80'>Disc
Menu</Text>
<Text Id='81'>Menu</Text>
<Text Id='82'>Master State</Text>
<Text Id='83'>TV Lift Down</Text>
<Text Id='84'>TV Lift Up</Text>
<Text Id='85'>AV Lift Down</Text>
<Text Id='86'>AV Lift Up</Text>
<Image Id='1' Native='True' Path='~ZPBI_Media_BG.png' Format='png'>
<Size Units='Pixels' Width='320' Height='460' />
</Image>
<Image Id='2' Native='True' Path='~ZPBI_HeaderFooterBar.png' Format='png'>
<Size Units='Pixels' Width='320' Height='46' />
</Image>
<Image Id='3' Native='True' Path='~ZPBI_ScrollingListButton_I.png' Format='png'>
<Size Units='Pixels' Width='320' Height='58' />
</Image>
<Image Id='4' Native='True' Path='~ZPBI_ScrollingListButton_A.png' Format='png'>
<Size Units='Pixels' Width='320' Height='58' />
</Image>
<Image Id='5' Native='True' Path='HomePageIcons_Other.png' Format='png'>
<Size Units='Pixels' Width='64' Height='64' />
</Image>
<Image Id='6' Native='True' Path='~ZPBI_HeadeFooterField.png' Format='png'>
<Size Units='Pixels' Width='160' Height='34' />
</Image>
<Image Id='7' Native='True' Path='~ZPBI_CrestronLogo.png' Format='png'>
<Size Units='Pixels' Width='78' Height='46' />
</Image>
<Image Id='8' Native='True' Path='~ZPBI_Home_I.png' Format='png'>
<Size Units='Pixels' Width='44' Height='44' />
</Image>
<Image Id='9' Native='True' Path='~ZPBI_Home_A.png' Format='png'>
<Size Units='Pixels' Width='44' Height='44' />
</Image>
<Image Id='10' Native='True' Path='Back_Button2_I.png' Format='png'>
<Size Units='Pixels' Width='60' Height='32' />
</Image>
<Image Id='11' Native='True' Path='Back_A.png' Format='png'>
<Size Units='Pixels' Width='60' Height='32' />
</Image>
<Image Id='12' Native='True' Path='~ZPBI_StandardMedium_I.png' Format='png'>
<Size Units='Pixels' Width='78' Height='40' />
</Image>
<Image Id='13' Native='True' Path='~ZPBI_StandardMedium_A.png' Format='png'>
<Size Units='Pixels' Width='78' Height='40' />
</Image>
<Image Id='14' Native='False' Path='aero_tv_flatpanel_yellow_50x50.png' Format='png'>
<Size Units='Pixels' Width='50' Height='50' />
</Image>
<Image Id='15' Native='False' Path='aero_satellite_radio_50x50.png' Format='png'>
<Size Units='Pixels' Width='50' Height='50' />
</Image>
<Image Id='16' Native='False' Path='aero_disc_bluray_50x50.png' Format='png'>
<Size Units='Pixels' Width='50' Height='50' />
</Image>
<Image Id='17' Native='True' Path='~ZPBI_Keyboard_Space_Key_I.png' Format='png'>
<Size Units='Pixels' Width='154' Height='36' />
</Image>
<Image Id='18' Native='True' Path='~ZPBI_StandartLong_A.png' Format='png'>
<Size Units='Pixels' Width='160' Height='34' />
</Image>
<Image Id='19' Native='True' Path='~ZPBI_Drapes.png' Format='png'>
<Size Units='Pixels' Width='75' Height='75' />
</Image>
<Image Id='20' Native='True' Path='~ZPBI_ScrollUp_I.png' Format='png'>
<Size Units='Pixels' Width='64' Height='64' />
</Image>
<Image Id='21' Native='True' Path='~ZPBI_ScrollUp_A.png' Format='png'>
<Size Units='Pixels' Width='64' Height='64' />
</Image>
<Image Id='22' Native='True' Path='~ZPBI_ScrollDown_I.png' Format='png'>
<Size Units='Pixels' Width='64' Height='64' />
</Image>
<Image Id='23' Native='True' Path='~ZPBI_ScrollDown_A.png' Format='png'>
<Size Units='Pixels' Width='64' Height='64' />
</Image>
</Resources>
</File>
