<?xml version='1.0' encoding='ISO-8859-1' ?>
<File Type='Application' Version='1.1.0'>
<Application Debug='False'>
<Platform Name='iPhone 3G'>
<OS>2.1</OS>
<DeviceName>iPhone</DeviceName>
<DisplayUnit>pixel</DisplayUnit>
<DisplayWidth>320</DisplayWidth>
<DisplayHeight>460</DisplayHeight>
</Platform>
<Information>
<ToolName>Vtpro-e</ToolName>
<ToolVersion>4209</ToolVersion>
<Date>2010/12/6 15:7:653</Date>
</Information>
<Setting>
<Port>41794</Port>
</Setting>
<ZOrder Fixed='False'/>
<RootPage>A Home</RootPage>
</Application>
</File>
