<?xml version='1.0' encoding='ISO-8859-1' ?>
<File Type='Page' Version='2.1.0'>
<Control Type='Page' Name='B Lift Controls - MASTER STATE' Transition='0' TransitionDuration='-1'>
<Position Units='Pixels' X='0' Y='0' />
<Size Units='Pixels' Width='320' Height='460' />
<VisualStyles>
<VisualStyle>
<Background>
<Color  R='0' G='0' B='0' A='1' />
</Background>
<Image Id='1' />
</VisualStyle>
</VisualStyles>
<Control Type='Button' Name='Image'>
<Position Units='Pixels' X='0' Y='0' />
<Size Units='Pixels' Width='320' Height='46' />
<VisualStyles>
<VisualStyle State='0' Mode='0'>
<Image Id='2' Alpha='1' />
</VisualStyle>
</VisualStyles>
</Control>
<Control Type='Button' Name='Image'>
<Position Units='Pixels' X='80' Y='5' />
<Size Units='Pixels' Width='160' Height='34' />
<VisualStyles>
<VisualStyle State='0' Mode='0'>
<Image Id='6' Alpha='1' />
</VisualStyle>
</VisualStyles>
</Control>
<Control Type='Button' Name='Text'>
<Position Units='Pixels' X='87' Y='8' />
<Size Units='Pixels' Width='146' Height='25' />
<VisualStyles>
<VisualStyle State='0' Mode='0'>
<Text Id='10' FontId='1' Alignment='CenterCenter' Wrap='False'>
<Color  R='0.933333' G='0.933333' B='0.933333' A='1' />
</Text>
</VisualStyle>
</VisualStyles>
</Control>
<Control Type='Button' Name='Button'>
<Position Units='Pixels' X='44' Y='174' />
<Size Units='Pixels' Width='228' Height='70' />
<VisualStyles>
<VisualStyle State='0' Mode='0'>
<Face Type='2D'>
<Color  R='0' G='0' B='0.835294' A='0' />
</Face>
<Image Id='3' Alpha='1' />
<Text Id='40' FontId='1' Alignment='CenterCenter' Wrap='False'>
<Color  R='1' G='1' B='1' A='1' />
</Text>
</VisualStyle>
<VisualStyle State='1' Mode='0'>
<Face Type='2D'>
<Color  R='0.00392157' G='0.54902' B='0.996078' A='0' />
</Face>
<Image Id='4' Alpha='1' />
<Text Id='40' FontId='1' Alignment='CenterCenter' Wrap='False'>
<Color  R='1' G='1' B='1' A='1' />
</Text>
</VisualStyle>
</VisualStyles>
<Bindings>
<Binding Id='46' Type='Digital' Property='State'/>
</Bindings>
<Commands>
<Command Action='TouchDown' Id='46' Type='Digital' Value='True' />
<Command Action='TouchUp' Id='46' Type='Digital' Value='False' />
<Command Action='TouchDown' PageFlip='A Home' Transition='14' TransitionDuration='-1' />
</Commands>
</Control>
<Control Type='Button' Name='Button'>
<Position Units='Pixels' X='44' Y='106' />
<Size Units='Pixels' Width='228' Height='70' />
<VisualStyles>
<VisualStyle State='0' Mode='0'>
<Face Type='2D'>
<Color  R='0' G='0' B='0.835294' A='0' />
</Face>
<Image Id='3' Alpha='1' />
<Text Id='41' FontId='1' Alignment='CenterCenter' Wrap='False'>
<Color  R='1' G='1' B='1' A='1' />
</Text>
</VisualStyle>
<VisualStyle State='1' Mode='0'>
<Face Type='2D'>
<Color  R='0.00392157' G='0.54902' B='0.996078' A='0' />
</Face>
<Image Id='4' Alpha='1' />
<Text Id='41' FontId='1' Alignment='CenterCenter' Wrap='False'>
<Color  R='1' G='1' B='1' A='1' />
</Text>
</VisualStyle>
</VisualStyles>
<Bindings>
<Binding Id='50' Type='Digital' Property='State'/>
</Bindings>
<Commands>
<Command Action='TouchDown' Id='50' Type='Digital' Value='True' />
<Command Action='TouchUp' Id='50' Type='Digital' Value='False' />
<Command Action='TouchDown' PageFlip='B Media Selection - MASTER STATE' Transition='13' TransitionDuration='-1' />
</Commands>
</Control>
<Control Type='Button' Name='Button'>
<Position Units='Pixels' X='44' Y='312' />
<Size Units='Pixels' Width='228' Height='70' />
<VisualStyles>
<VisualStyle State='0' Mode='0'>
<Face Type='2D'>
<Color  R='0' G='0' B='0.835294' A='0' />
</Face>
<Image Id='3' Alpha='1' />
<Text Id='42' FontId='1' Alignment='CenterCenter' Wrap='False'>
<Color  R='1' G='1' B='1' A='1' />
</Text>
</VisualStyle>
<VisualStyle State='1' Mode='0'>
<Face Type='2D'>
<Color  R='0.00392157' G='0.54902' B='0.996078' A='0' />
</Face>
<Image Id='4' Alpha='1' />
<Text Id='42' FontId='1' Alignment='CenterCenter' Wrap='False'>
<Color  R='1' G='1' B='1' A='1' />
</Text>
</VisualStyle>
</VisualStyles>
<Bindings>
<Binding Id='53' Type='Digital' Property='State'/>
</Bindings>
<Commands>
<Command Action='TouchDown' Id='53' Type='Digital' Value='True' />
<Command Action='TouchUp' Id='53' Type='Digital' Value='False' />
</Commands>
</Control>
<Control Type='Button' Name='Button'>
<Position Units='Pixels' X='44' Y='244' />
<Size Units='Pixels' Width='228' Height='70' />
<VisualStyles>
<VisualStyle State='0' Mode='0'>
<Face Type='2D'>
<Color  R='0' G='0' B='0.835294' A='0' />
</Face>
<Image Id='3' Alpha='1' />
<Text Id='43' FontId='1' Alignment='CenterCenter' Wrap='False'>
<Color  R='1' G='1' B='1' A='1' />
</Text>
</VisualStyle>
<VisualStyle State='1' Mode='0'>
<Face Type='2D'>
<Color  R='0.00392157' G='0.54902' B='0.996078' A='0' />
</Face>
<Image Id='4' Alpha='1' />
<Text Id='43' FontId='1' Alignment='CenterCenter' Wrap='False'>
<Color  R='1' G='1' B='1' A='1' />
</Text>
</VisualStyle>
</VisualStyles>
<Bindings>
<Binding Id='51' Type='Digital' Property='State'/>
</Bindings>
<Commands>
<Command Action='TouchDown' Id='51' Type='Digital' Value='True' />
<Command Action='TouchUp' Id='51' Type='Digital' Value='False' />
</Commands>
</Control>
<Control Type='Button' Name='Image'>
<Position Units='Pixels' X='0' Y='414' />
<Size Units='Pixels' Width='320' Height='46' />
<VisualStyles>
<VisualStyle State='0' Mode='0'>
<Image Id='2' Alpha='1' />
</VisualStyle>
</VisualStyles>
</Control>
<Control Type='Subpage' Name='Subref' Reference='ZZ Back Button'>
<Position Units='Pixels' X='0' Y='0' />
<Size Units='Pixels' Width='78' Height='46' />
</Control>
<Control Type='Subpage' Name='Subref' Reference='ZZ Crestron Logo'>
<Position Units='Pixels' X='242' Y='0' />
<Size Units='Pixels' Width='78' Height='46' />
</Control>
<Control Type='Subpage' Name='Subref' Reference='ZZ Home Button'>
<Position Units='Pixels' X='14' Y='414' />
<Size Units='Pixels' Width='44' Height='44' />
</Control>
</Control>
</File>
