<?xml version='1.0' encoding='ISO-8859-1' ?>
<File Type='Page' Version='2.1.0'>
<Control Type='Subpage' Name='Y MASTER STATE DIRECTV FAV - MASTER STATE'>
<Position Units='Pixels' X='0' Y='0' />
<Size Units='Pixels' Width='320' Height='365' />
<VisualStyles>
<VisualStyle>
<Background>
<Color  R='0' G='0' B='0' A='0' />
</Background>
</VisualStyle>
</VisualStyles>
<Control Type='Button' Name='Button'>
<Position Units='Pixels' X='241' Y='264' />
<Size Units='Pixels' Width='78' Height='40' />
<VisualStyles>
<VisualStyle State='0' Mode='0'>
<Face Type='2D'>
<Color  R='0' G='0' B='0.627451' A='0' />
</Face>
<Image Id='7' Alpha='1' />
<Text Id='53' FontId='3' Alignment='CenterCenter' Wrap='False'>
<Color  R='1' G='0' B='0' A='1' />
</Text>
</VisualStyle>
<VisualStyle State='1' Mode='0'>
<Face Type='2D'>
<Color  R='1' G='1' B='1' A='0' />
</Face>
<Image Id='8' Alpha='1' />
<Text Id='53' FontId='3' Alignment='CenterCenter' Wrap='False'>
<Color  R='1' G='1' B='1' A='1' />
</Text>
</VisualStyle>
</VisualStyles>
<Bindings>
<Binding Id='378' Type='Digital' Property='State'/>
</Bindings>
<Commands>
<Command Action='TouchDown' Id='378' Type='Digital' Value='True' />
<Command Action='TouchUp' Id='378' Type='Digital' Value='False' />
</Commands>
</Control>
<Control Type='Button' Name='Button'>
<Position Units='Pixels' X='0' Y='0' />
<Size Units='Pixels' Width='78' Height='40' />
<VisualStyles>
<VisualStyle State='0' Mode='0'>
<Face Type='2D'>
<Color  R='0' G='0' B='0.627451' A='0' />
</Face>
<Image Id='7' Alpha='1' />
<Text Id='23' FontId='3' Alignment='CenterCenter' Wrap='False'>
<Color  R='0' G='0' B='0' A='1' />
</Text>
</VisualStyle>
<VisualStyle State='1' Mode='0'>
<Face Type='2D'>
<Color  R='1' G='1' B='1' A='0' />
</Face>
<Image Id='8' Alpha='1' />
<Text Id='23' FontId='3' Alignment='CenterCenter' Wrap='False'>
<Color  R='1' G='1' B='1' A='1' />
</Text>
</VisualStyle>
</VisualStyles>
<Bindings>
<Binding Id='383' Type='Digital' Property='State'/>
</Bindings>
<Commands>
<Command Action='TouchDown' Id='383' Type='Digital' Value='True' />
<Command Action='TouchUp' Id='383' Type='Digital' Value='False' />
</Commands>
</Control>
<Control Type='Button' Name='Button'>
<Position Units='Pixels' X='238' Y='71' />
<Size Units='Pixels' Width='78' Height='40' />
<VisualStyles>
<VisualStyle State='0' Mode='0'>
<Face Type='2D'>
<Color  R='0' G='0' B='0.627451' A='0' />
</Face>
<Image Id='7' Alpha='1' />
<Text Id='57' FontId='3' Alignment='CenterCenter' Wrap='False'>
<Color  R='0' G='0' B='0' A='1' />
</Text>
</VisualStyle>
<VisualStyle State='1' Mode='0'>
<Face Type='2D'>
<Color  R='1' G='1' B='1' A='0' />
</Face>
<Image Id='8' Alpha='1' />
<Text Id='57' FontId='3' Alignment='CenterCenter' Wrap='False'>
<Color  R='1' G='1' B='1' A='1' />
</Text>
</VisualStyle>
</VisualStyles>
<Bindings>
<Binding Id='390' Type='Digital' Property='State'/>
</Bindings>
<Commands>
<Command Action='TouchDown' Id='390' Type='Digital' Value='True' />
<Command Action='TouchUp' Id='390' Type='Digital' Value='False' />
</Commands>
</Control>
<Control Type='Button' Name='Button'>
<Position Units='Pixels' X='238' Y='24' />
<Size Units='Pixels' Width='78' Height='40' />
<VisualStyles>
<VisualStyle State='0' Mode='0'>
<Face Type='2D'>
<Color  R='0' G='0' B='0.627451' A='0' />
</Face>
<Image Id='7' Alpha='1' />
<Text Id='58' FontId='3' Alignment='CenterCenter' Wrap='False'>
<Color  R='0' G='0' B='0' A='1' />
</Text>
</VisualStyle>
<VisualStyle State='1' Mode='0'>
<Face Type='2D'>
<Color  R='1' G='1' B='1' A='0' />
</Face>
<Image Id='8' Alpha='1' />
<Text Id='58' FontId='3' Alignment='CenterCenter' Wrap='False'>
<Color  R='1' G='1' B='1' A='1' />
</Text>
</VisualStyle>
</VisualStyles>
<Bindings>
<Binding Id='389' Type='Digital' Property='State'/>
</Bindings>
<Commands>
<Command Action='TouchDown' Id='389' Type='Digital' Value='True' />
<Command Action='TouchUp' Id='389' Type='Digital' Value='False' />
</Commands>
</Control>
<Control Type='Button' Name='Button'>
<Position Units='Pixels' X='238' Y='118' />
<Size Units='Pixels' Width='78' Height='40' />
<VisualStyles>
<VisualStyle State='0' Mode='0'>
<Face Type='2D'>
<Color  R='0' G='0' B='0.627451' A='0' />
</Face>
<Image Id='7' Alpha='1' />
<Text Id='7' FontId='3' Alignment='CenterCenter' Wrap='False'>
<Color  R='0' G='0' B='0' A='1' />
</Text>
</VisualStyle>
<VisualStyle State='1' Mode='0'>
<Face Type='2D'>
<Color  R='1' G='1' B='1' A='0' />
</Face>
<Image Id='8' Alpha='1' />
<Text Id='7' FontId='3' Alignment='CenterCenter' Wrap='False'>
<Color  R='1' G='1' B='1' A='1' />
</Text>
</VisualStyle>
</VisualStyles>
<Bindings>
<Binding Id='42' Type='Digital' Property='State'/>
</Bindings>
<Commands>
<Command Action='TouchDown' Id='42' Type='Digital' Value='True' />
<Command Action='TouchUp' Id='42' Type='Digital' Value='False' />
</Commands>
</Control>
<Control Type='Button' Name='Button'>
<Position Units='Pixels' X='238' Y='165' />
<Size Units='Pixels' Width='78' Height='40' />
<VisualStyles>
<VisualStyle State='0' Mode='0'>
<Face Type='2D'>
<Color  R='0' G='0' B='0.627451' A='0' />
</Face>
<Image Id='7' Alpha='1' />
<Text Id='8' FontId='3' Alignment='CenterCenter' Wrap='False'>
<Color  R='0' G='0' B='0' A='1' />
</Text>
</VisualStyle>
<VisualStyle State='1' Mode='0'>
<Face Type='2D'>
<Color  R='1' G='1' B='1' A='0' />
</Face>
<Image Id='8' Alpha='1' />
<Text Id='8' FontId='3' Alignment='CenterCenter' Wrap='False'>
<Color  R='1' G='1' B='1' A='1' />
</Text>
</VisualStyle>
</VisualStyles>
<Bindings>
<Binding Id='43' Type='Digital' Property='State'/>
</Bindings>
<Commands>
<Command Action='TouchDown' Id='43' Type='Digital' Value='True' />
<Command Action='TouchUp' Id='43' Type='Digital' Value='False' />
</Commands>
</Control>
<Control Type='Button' Name='Button'>
<Position Units='Pixels' X='238' Y='212' />
<Size Units='Pixels' Width='78' Height='40' />
<VisualStyles>
<VisualStyle State='0' Mode='0'>
<Face Type='2D'>
<Color  R='0' G='0' B='0.627451' A='0' />
</Face>
<Image Id='7' Alpha='1' />
<Text Id='9' FontId='3' Alignment='CenterCenter' Wrap='False'>
<Color  R='0' G='0' B='0' A='1' />
</Text>
</VisualStyle>
<VisualStyle State='1' Mode='0'>
<Face Type='2D'>
<Color  R='1' G='1' B='1' A='0' />
</Face>
<Image Id='8' Alpha='1' />
<Text Id='9' FontId='3' Alignment='CenterCenter' Wrap='False'>
<Color  R='1' G='1' B='1' A='1' />
</Text>
</VisualStyle>
</VisualStyles>
<Bindings>
<Binding Id='44' Type='Digital' Property='State'/>
</Bindings>
<Commands>
<Command Action='TouchDown' Id='44' Type='Digital' Value='True' />
<Command Action='TouchUp' Id='44' Type='Digital' Value='False' />
</Commands>
</Control>
<Control Type='Button' Name='Button'>
<Position Units='Pixels' X='83' Y='0' />
<Size Units='Pixels' Width='78' Height='40' />
<VisualStyles>
<VisualStyle State='0' Mode='0'>
<Face Type='2D'>
<Color  R='0' G='0' B='0.627451' A='0' />
</Face>
<Image Id='7' Alpha='1' />
<Text Id='26' FontId='3' Alignment='CenterCenter' Wrap='False'>
<Color  R='0' G='0' B='0' A='1' />
</Text>
</VisualStyle>
<VisualStyle State='1' Mode='0'>
<Face Type='2D'>
<Color  R='1' G='1' B='1' A='0' />
</Face>
<Image Id='8' Alpha='1' />
<Text Id='26' FontId='3' Alignment='CenterCenter' Wrap='False'>
<Color  R='1' G='1' B='1' A='1' />
</Text>
</VisualStyle>
</VisualStyles>
<Bindings>
<Binding Id='393' Type='Digital' Property='State'/>
</Bindings>
<Commands>
<Command Action='TouchDown' Id='393' Type='Digital' Value='True' />
<Command Action='TouchUp' Id='393' Type='Digital' Value='False' />
</Commands>
</Control>
<Control Type='Button' Name='Button'>
<Position Units='Pixels' X='5' Y='74' />
<Size Units='Pixels' Width='63' Height='46' />
<VisualStyles>
<VisualStyle State='0' Mode='0'>
<Face Type='2D'>
<Color  R='0.752941' G='0.752941' B='0.752941' A='0' />
</Face>
<Image Id='24' Alpha='1' />
</VisualStyle>
<VisualStyle State='1' Mode='0'>
<Face Type='2D'>
<Color  R='0.752941' G='0.752941' B='0.752941' A='1' />
</Face>
<Image Id='25' Alpha='1' />
</VisualStyle>
</VisualStyles>
<Bindings>
<Binding Id='410' Type='Digital' Property='State'/>
</Bindings>
<Commands>
<Command Action='TouchDown' Id='410' Type='Digital' Value='True' />
<Command Action='TouchUp' Id='410' Type='Digital' Value='False' />
</Commands>
</Control>
<Control Type='Button' Name='Button'>
<Position Units='Pixels' X='75' Y='74' />
<Size Units='Pixels' Width='63' Height='46' />
<VisualStyles>
<VisualStyle State='0' Mode='0'>
<Face Type='2D'>
<Color  R='0.752941' G='0.752941' B='0.752941' A='0' />
</Face>
<Image Id='26' Alpha='1' />
</VisualStyle>
<VisualStyle State='1' Mode='0'>
<Face Type='2D'>
<Color  R='0.752941' G='0.752941' B='0.752941' A='1' />
</Face>
<Image Id='27' Alpha='1' />
</VisualStyle>
</VisualStyles>
<Bindings>
<Binding Id='411' Type='Digital' Property='State'/>
</Bindings>
<Commands>
<Command Action='TouchDown' Id='411' Type='Digital' Value='True' />
<Command Action='TouchUp' Id='411' Type='Digital' Value='False' />
</Commands>
</Control>
<Control Type='Button' Name='Button'>
<Position Units='Pixels' X='76' Y='184' />
<Size Units='Pixels' Width='63' Height='46' />
<VisualStyles>
<VisualStyle State='0' Mode='0'>
<Face Type='2D'>
<Color  R='0.752941' G='0.752941' B='0.752941' A='0' />
</Face>
<Image Id='28' Alpha='1' />
</VisualStyle>
<VisualStyle State='1' Mode='0'>
<Face Type='2D'>
<Color  R='0.752941' G='0.752941' B='0.752941' A='1' />
</Face>
<Image Id='29' Alpha='1' />
</VisualStyle>
</VisualStyles>
<Bindings>
<Binding Id='417' Type='Digital' Property='State'/>
</Bindings>
<Commands>
<Command Action='TouchDown' Id='417' Type='Digital' Value='True' />
<Command Action='TouchUp' Id='417' Type='Digital' Value='False' />
</Commands>
</Control>
<Control Type='Button' Name='Button'>
<Position Units='Pixels' X='74' Y='241' />
<Size Units='Pixels' Width='63' Height='46' />
<VisualStyles>
<VisualStyle State='0' Mode='0'>
<Face Type='2D'>
<Color  R='0.752941' G='0.752941' B='0.752941' A='0' />
</Face>
<Image Id='30' Alpha='1' />
</VisualStyle>
<VisualStyle State='1' Mode='0'>
<Face Type='2D'>
<Color  R='0.752941' G='0.752941' B='0.752941' A='1' />
</Face>
<Image Id='31' Alpha='1' />
</VisualStyle>
</VisualStyles>
<Bindings>
<Binding Id='420' Type='Digital' Property='State'/>
</Bindings>
<Commands>
<Command Action='TouchDown' Id='420' Type='Digital' Value='True' />
<Command Action='TouchUp' Id='420' Type='Digital' Value='False' />
</Commands>
</Control>
<Control Type='Button' Name='Button'>
<Position Units='Pixels' X='149' Y='131' />
<Size Units='Pixels' Width='63' Height='46' />
<VisualStyles>
<VisualStyle State='0' Mode='0'>
<Face Type='2D'>
<Color  R='0.752941' G='0.752941' B='0.752941' A='0' />
</Face>
<Image Id='32' Alpha='1' />
</VisualStyle>
<VisualStyle State='1' Mode='0'>
<Face Type='2D'>
<Color  R='0.752941' G='0.752941' B='0.752941' A='1' />
</Face>
<Image Id='33' Alpha='1' />
</VisualStyle>
</VisualStyles>
<Bindings>
<Binding Id='415' Type='Digital' Property='State'/>
</Bindings>
<Commands>
<Command Action='TouchDown' Id='415' Type='Digital' Value='True' />
<Command Action='TouchUp' Id='415' Type='Digital' Value='False' />
</Commands>
</Control>
<Control Type='Button' Name='Button'>
<Position Units='Pixels' X='147' Y='74' />
<Size Units='Pixels' Width='63' Height='46' />
<VisualStyles>
<VisualStyle State='0' Mode='0'>
<Face Type='2D'>
<Color  R='0.752941' G='0.752941' B='0.752941' A='0' />
</Face>
<Image Id='34' Alpha='1' />
</VisualStyle>
<VisualStyle State='1' Mode='0'>
<Face Type='2D'>
<Color  R='0.752941' G='0.752941' B='0.752941' A='1' />
</Face>
<Image Id='35' Alpha='1' />
</VisualStyle>
</VisualStyles>
<Bindings>
<Binding Id='412' Type='Digital' Property='State'/>
</Bindings>
<Commands>
<Command Action='TouchDown' Id='412' Type='Digital' Value='True' />
<Command Action='TouchUp' Id='412' Type='Digital' Value='False' />
</Commands>
</Control>
<Control Type='Button' Name='Button'>
<Position Units='Pixels' X='5' Y='129' />
<Size Units='Pixels' Width='63' Height='46' />
<VisualStyles>
<VisualStyle State='0' Mode='0'>
<Face Type='2D'>
<Color  R='0.752941' G='0.752941' B='0.752941' A='0' />
</Face>
<Image Id='36' Alpha='1' />
</VisualStyle>
<VisualStyle State='1' Mode='0'>
<Face Type='2D'>
<Color  R='0.752941' G='0.752941' B='0.752941' A='1' />
</Face>
<Image Id='37' Alpha='1' />
</VisualStyle>
</VisualStyles>
<Bindings>
<Binding Id='413' Type='Digital' Property='State'/>
</Bindings>
<Commands>
<Command Action='TouchDown' Id='413' Type='Digital' Value='True' />
<Command Action='TouchUp' Id='413' Type='Digital' Value='False' />
</Commands>
</Control>
<Control Type='Button' Name='Button'>
<Position Units='Pixels' X='75' Y='131' />
<Size Units='Pixels' Width='63' Height='46' />
<VisualStyles>
<VisualStyle State='0' Mode='0'>
<Face Type='2D'>
<Color  R='0.752941' G='0.752941' B='0.752941' A='0' />
</Face>
<Image Id='38' Alpha='1' />
</VisualStyle>
<VisualStyle State='1' Mode='0'>
<Face Type='2D'>
<Color  R='0.752941' G='0.752941' B='0.752941' A='1' />
</Face>
<Image Id='39' Alpha='1' />
</VisualStyle>
</VisualStyles>
<Bindings>
<Binding Id='414' Type='Digital' Property='State'/>
</Bindings>
<Commands>
<Command Action='TouchDown' Id='414' Type='Digital' Value='True' />
<Command Action='TouchUp' Id='414' Type='Digital' Value='False' />
</Commands>
</Control>
<Control Type='Button' Name='Button'>
<Position Units='Pixels' X='5' Y='183' />
<Size Units='Pixels' Width='63' Height='46' />
<VisualStyles>
<VisualStyle State='0' Mode='0'>
<Face Type='2D'>
<Color  R='0.752941' G='0.752941' B='0.752941' A='0' />
</Face>
<Image Id='40' Alpha='1' />
</VisualStyle>
<VisualStyle State='1' Mode='0'>
<Face Type='2D'>
<Color  R='0.752941' G='0.752941' B='0.752941' A='1' />
</Face>
<Image Id='41' Alpha='1' />
</VisualStyle>
</VisualStyles>
<Bindings>
<Binding Id='416' Type='Digital' Property='State'/>
</Bindings>
<Commands>
<Command Action='TouchDown' Id='416' Type='Digital' Value='True' />
<Command Action='TouchUp' Id='416' Type='Digital' Value='False' />
</Commands>
</Control>
<Control Type='Button' Name='Button'>
<Position Units='Pixels' X='148' Y='184' />
<Size Units='Pixels' Width='63' Height='46' />
<VisualStyles>
<VisualStyle State='0' Mode='0'>
<Face Type='2D'>
<Color  R='0.752941' G='0.752941' B='0.752941' A='0' />
</Face>
<Image Id='42' Alpha='1' />
</VisualStyle>
<VisualStyle State='1' Mode='0'>
<Face Type='2D'>
<Color  R='0.752941' G='0.752941' B='0.752941' A='1' />
</Face>
<Image Id='43' Alpha='1' />
</VisualStyle>
</VisualStyles>
<Bindings>
<Binding Id='418' Type='Digital' Property='State'/>
</Bindings>
<Commands>
<Command Action='TouchDown' Id='418' Type='Digital' Value='True' />
<Command Action='TouchUp' Id='418' Type='Digital' Value='False' />
</Commands>
</Control>
<Control Type='Button' Name='Button'>
<Position Units='Pixels' X='150' Y='241' />
<Size Units='Pixels' Width='63' Height='46' />
<VisualStyles>
<VisualStyle State='0' Mode='0'>
<Face Type='2D'>
<Color  R='0.752941' G='0.752941' B='0.752941' A='0' />
</Face>
<Image Id='44' Alpha='1' />
</VisualStyle>
<VisualStyle State='1' Mode='0'>
<Face Type='2D'>
<Color  R='0.752941' G='0.752941' B='0.752941' A='1' />
</Face>
<Image Id='45' Alpha='1' />
</VisualStyle>
</VisualStyles>
<Bindings>
<Binding Id='421' Type='Digital' Property='State'/>
</Bindings>
<Commands>
<Command Action='TouchDown' Id='421' Type='Digital' Value='True' />
<Command Action='TouchUp' Id='421' Type='Digital' Value='False' />
</Commands>
</Control>
<Control Type='Button' Name='Button'>
<Position Units='Pixels' X='2' Y='241' />
<Size Units='Pixels' Width='63' Height='46' />
<VisualStyles>
<VisualStyle State='0' Mode='0'>
<Face Type='2D'>
<Color  R='0.752941' G='0.752941' B='0.752941' A='0' />
</Face>
<Image Id='46' Alpha='1' />
</VisualStyle>
<VisualStyle State='1' Mode='0'>
<Face Type='2D'>
<Color  R='0.752941' G='0.752941' B='0.752941' A='1' />
</Face>
<Image Id='47' Alpha='1' />
</VisualStyle>
</VisualStyles>
<Bindings>
<Binding Id='419' Type='Digital' Property='State'/>
</Bindings>
<Commands>
<Command Action='TouchDown' Id='419' Type='Digital' Value='True' />
<Command Action='TouchUp' Id='419' Type='Digital' Value='False' />
</Commands>
</Control>
</Control>
</File>
